user_id,mood,description,time
1,happy,received good news,2024-07-28 02:13:38
1,mad,forgot something important,2024-07-28 03:05:38
1,mad,traffic jam,2024-07-29 09:49:38
1,sad,feeling lonely,2024-07-29 20:27:38
1,mad,forgot something important,2024-07-29 18:29:38
1,sad,bad accident,2024-07-29 12:28:38
1,sad,feeling lonely,2024-07-30 06:33:38
1,mad,forgot something important,2024-07-31 14:31:38
1,happy,had a fun outing,2024-07-31 07:58:38
1,sad,long day at work,2024-07-30 23:45:38
1,happy,great day at work,2024-08-01 14:50:38
1,mad,missed appointment,2024-08-02 20:39:38
1,happy,received good news,2024-08-03 21:26:38
1,sad,feeling lonely,2024-08-03 21:21:38
1,mad,traffic jam,2024-08-03 03:27:38
1,sad,missed a deadline,2024-08-04 22:45:38
1,happy,completed a project,2024-08-05 16:46:38
1,mad,computer crashed,2024-08-05 22:57:38
1,happy,spent time with family,2024-08-05 03:48:38
1,mad,missed appointment,2024-08-05 22:50:38
1,sad,had an argument,2024-08-06 14:10:38
1,happy,spent time with family,2024-08-06 04:47:38
1,happy,spent time with family,2024-08-06 13:20:38
1,happy,received good news,2024-08-07 06:48:38
1,mad,missed appointment,2024-08-07 10:51:38
1,mad,traffic jam,2024-08-07 14:08:38
1,sad,long day at work,2024-08-07 12:14:38
1,sad,bad accident,2024-08-08 04:33:38
1,sad,had an argument,2024-08-08 02:22:38
1,sad,long day at work,2024-08-08 17:34:38
1,sad,bad accident,2024-08-08 13:13:38
1,sad,missed a deadline,2024-08-09 07:13:38
1,happy,spent time with family,2024-08-09 09:44:38
1,sad,missed a deadline,2024-08-10 03:43:38
1,sad,missed a deadline,2024-08-10 08:15:38
1,mad,got into a fight,2024-08-10 08:50:38
1,happy,spent time with family,2024-08-11 16:48:38
1,mad,computer crashed,2024-08-11 15:15:38
1,happy,had a fun outing,2024-08-11 07:38:38
1,sad,missed a deadline,2024-08-11 11:01:38
1,sad,missed a deadline,2024-08-11 23:36:38
1,sad,feeling lonely,2024-08-12 17:13:38
1,mad,traffic jam,2024-08-12 10:27:38
1,happy,had a fun outing,2024-08-13 16:10:38
1,sad,missed a deadline,2024-08-13 19:42:38
1,mad,traffic jam,2024-08-13 20:40:38
1,happy,completed a project,2024-08-14 03:29:38
1,sad,bad accident,2024-08-14 22:12:38
1,mad,traffic jam,2024-08-14 19:33:38
1,mad,forgot something important,2024-08-14 18:23:38
1,mad,missed appointment,2024-08-15 05:15:38
1,mad,missed appointment,2024-08-16 14:59:38
1,mad,forgot something important,2024-08-16 14:37:38
1,happy,spent time with family,2024-08-16 01:09:38
1,happy,received good news,2024-08-16 01:50:38
1,sad,bad accident,2024-08-17 12:15:38
1,sad,missed a deadline,2024-08-17 15:46:38
1,mad,got into a fight,2024-08-17 01:31:38
1,happy,had a fun outing,2024-08-17 10:26:38
1,sad,feeling lonely,2024-08-18 16:39:38
1,sad,missed a deadline,2024-08-19 14:13:38
1,mad,forgot something important,2024-08-19 06:16:38
1,happy,received good news,2024-08-19 17:48:38
1,sad,missed a deadline,2024-08-20 13:53:38
1,mad,traffic jam,2024-08-20 19:29:38
1,happy,great day at work,2024-08-20 19:18:38
1,happy,completed a project,2024-08-21 03:17:38
1,sad,had an argument,2024-08-21 17:14:38
1,mad,forgot something important,2024-08-21 14:43:38
1,happy,had a fun outing,2024-08-21 04:47:38
1,mad,forgot something important,2024-08-22 03:48:38
1,happy,received good news,2024-08-22 12:25:38
1,sad,missed a deadline,2024-08-22 02:44:38
1,mad,computer crashed,2024-08-22 11:31:38
1,happy,spent time with family,2024-08-23 10:28:38
1,mad,computer crashed,2024-08-24 20:35:38
1,sad,had an argument,2024-08-24 01:00:38
1,mad,got into a fight,2024-08-23 23:21:38
1,happy,completed a project,2024-08-24 18:37:38
1,happy,spent time with family,2024-08-25 09:07:38
1,happy,spent time with family,2024-08-25 19:55:38
1,happy,spent time with family,2024-08-26 12:32:38
1,happy,had a fun outing,2024-08-26 20:36:38
1,happy,had a fun outing,2024-08-26 14:51:38
